,Student_ID,Test_1_Grade,Test_2_Grade,Test_3_Grade,Test_4_Grade,Test_5_Grade,Test_6_Grade,Final_Grade,Tutoring,n_tutoring,partial_score,final_grade_predicted
0,0,0.76,0.83,0.85,0.85,0.94,0.59,0.81,Test_2,5,0.76,0.84
1,1,0.83,0.75,0.8,0.8,0.67,0.72,0.77,Test_2,5,0.83,0.89
2,2,0.64,0.59,0.84,0.77,0.83,0.69,0.73,Test_3,4,0.615,0.71
3,3,0.83,0.8,0.9,0.7,0.8,0.82,0.81,Test_5,4,0.8074999999999999,0.86
4,4,0.68,0.89,0.9,0.9,0.95,0.98,0.89,Test_2,5,0.68,0.77
5,5,0.54,0.78,0.87,0.65,0.87,0.81,0.76,Test_2,5,0.54,0.66
6,6,0.8,0.9,0.88,0.68,0.81,0.78,0.81,Test_6,1,0.8140000000000001,0.82
7,7,0.76,0.96,0.8,0.78,0.85,0.67,0.81,Never,0,0.8033333333333332,0.8
8,8,0.68,0.8,0.79,0.81,0.79,0.89,0.8,Test_2,5,0.68,0.77
9,9,0.62,0.77,0.76,0.7,0.78,0.8,0.74,Test_2,5,0.62,0.73
10,10,0.59,0.72,0.74,0.84,0.77,0.67,0.73,Test_4,3,0.6833333333333332,0.75
11,11,0.71,0.65,0.93,0.84,0.85,0.88,0.81,Test_3,4,0.6799999999999999,0.76
12,12,0.64,0.78,0.72,0.72,0.92,0.76,0.76,Test_2,5,0.64,0.74
13,13,0.88,1.0,0.78,0.87,0.78,0.89,0.87,Never,0,0.8666666666666667,0.85
14,14,0.96,0.92,0.97,1.0,0.93,1.0,0.97,Never,0,0.9633333333333333,0.92
15,15,1.0,0.94,0.87,0.91,0.93,0.92,0.93,Never,0,0.9283333333333333,0.9
16,16,0.92,0.91,0.68,0.75,0.84,0.84,0.83,Never,0,0.8233333333333334,0.82
17,17,0.55,0.37,0.61,0.51,0.71,0.56,0.56,Never,0,0.5516666666666666,0.6
18,18,0.73,0.82,0.87,0.91,0.92,0.84,0.85,Test_3,4,0.7749999999999999,0.83
19,19,0.9,0.97,0.86,0.71,0.74,0.72,0.82,Never,0,0.8166666666666665,0.81
20,20,0.88,0.86,0.99,0.91,0.97,0.87,0.92,Never,0,0.9133333333333334,0.89
21,21,0.59,0.78,0.88,0.95,0.98,0.94,0.86,Test_2,5,0.59,0.7
22,22,0.76,0.81,0.7,0.81,0.69,0.77,0.76,Test_2,5,0.76,0.84
23,23,0.88,0.83,0.87,0.89,0.9,0.98,0.9,Never,0,0.8916666666666666,0.87
24,24,0.83,0.88,0.95,0.83,0.69,0.77,0.83,Never,0,0.8249999999999998,0.82
25,25,0.79,0.86,0.81,0.8,0.74,0.86,0.81,Test_2,5,0.79,0.86
26,26,0.72,0.99,0.85,0.83,0.79,0.98,0.86,Never,0,0.86,0.84
27,27,0.64,0.68,0.55,0.7,0.71,0.78,0.68,Test_4,3,0.6233333333333334,0.7
28,28,0.72,0.61,0.72,0.62,0.54,0.64,0.65,Never,0,0.6416666666666667,0.67
29,29,0.81,0.88,0.77,0.73,0.85,0.87,0.82,Test_3,4,0.845,0.89
30,30,0.75,0.82,0.77,0.87,0.73,0.7,0.78,Test_2,5,0.75,0.83
31,31,0.81,0.52,0.8,0.83,0.95,0.88,0.8,Test_3,4,0.665,0.75
32,32,0.43,0.63,0.6,0.84,0.84,0.76,0.69,Test_4,3,0.5533333333333333,0.65
33,33,0.65,0.68,0.75,0.65,0.7,0.82,0.71,Test_2,5,0.65,0.75
34,34,0.89,0.91,0.81,1.0,0.89,0.91,0.91,Never,0,0.9016666666666667,0.88
35,35,0.78,0.85,0.82,1.0,0.83,0.65,0.83,Never,0,0.8216666666666667,0.81
36,36,0.73,0.91,0.84,0.8,0.9,0.86,0.85,Test_4,3,0.8266666666666667,0.86
37,37,0.79,0.94,0.79,0.79,0.85,0.71,0.82,Never,0,0.8116666666666666,0.81
38,38,0.56,0.66,0.52,0.55,0.48,0.55,0.56,Test_2,5,0.56,0.68
39,39,0.96,0.97,0.96,0.82,0.91,0.83,0.91,Never,0,0.9083333333333332,0.88
40,40,0.77,0.84,0.71,0.88,0.84,0.83,0.82,Test_3,4,0.8049999999999999,0.86
41,41,1.0,0.9,0.78,0.9,0.97,0.92,0.92,Never,0,0.9116666666666666,0.88
42,42,0.7,0.5,0.78,0.75,0.66,0.69,0.68,Test_3,4,0.6,0.7
43,43,0.71,1.0,0.81,0.83,0.76,0.94,0.85,Never,0,0.8416666666666668,0.83
44,44,0.76,0.63,0.53,0.81,0.87,0.84,0.75,Test_4,3,0.64,0.71
45,45,0.8,0.82,0.82,0.85,0.83,0.75,0.82,Test_2,5,0.8,0.87
46,46,0.89,0.74,0.75,0.82,0.84,0.88,0.82,Test_3,4,0.815,0.86
47,47,0.79,0.79,0.97,0.82,0.82,0.83,0.84,Test_2,5,0.79,0.86
48,48,0.57,0.58,0.64,0.35,0.36,0.69,0.54,Never,0,0.5316666666666666,0.59
49,49,0.43,0.41,0.29,0.47,0.27,0.54,0.41,Never,0,0.40166666666666667,0.49
50,50,0.57,0.51,0.54,0.65,0.72,0.72,0.62,Never,0,0.6183333333333333,0.66
51,51,0.84,0.8,0.86,0.72,0.88,0.77,0.82,Test_2,5,0.84,0.9
52,52,0.9,0.93,0.96,0.92,0.86,0.91,0.92,Never,0,0.9133333333333334,0.89
53,53,0.82,0.54,0.84,1.0,0.72,0.83,0.8,Test_3,4,0.6799999999999999,0.76
54,54,0.77,0.8,0.85,0.86,0.74,0.69,0.79,Test_3,4,0.785,0.84
55,55,0.79,0.76,0.84,0.76,0.79,0.77,0.79,Test_3,4,0.775,0.83
56,56,0.54,0.67,0.72,0.75,0.79,0.9,0.73,Test_3,4,0.605,0.7
57,57,0.73,0.61,0.93,0.83,0.74,0.8,0.78,Test_3,4,0.6699999999999999,0.75
58,58,0.7,0.62,0.63,0.71,0.71,0.83,0.7,Test_4,3,0.6499999999999999,0.72
59,59,0.65,0.71,0.86,0.82,0.69,0.76,0.75,Test_4,3,0.7399999999999999,0.79
60,60,1.0,0.6,0.78,0.82,0.84,0.93,0.83,Test_4,3,0.7933333333333333,0.83
61,61,0.63,0.75,0.82,0.79,0.88,0.79,0.78,Test_3,4,0.69,0.77
62,62,0.57,0.78,0.71,0.5,0.62,0.82,0.67,Test_6,1,0.636,0.68
63,63,0.83,0.76,0.87,0.79,0.75,0.82,0.81,Test_5,4,0.8125,0.86
64,64,0.64,0.71,0.81,0.82,0.83,0.81,0.77,Test_2,5,0.64,0.74
65,65,0.67,0.78,0.79,0.71,0.84,0.75,0.76,Test_2,5,0.67,0.77
66,66,0.98,0.91,0.96,0.95,0.9,0.91,0.94,Never,0,0.935,0.9
67,67,0.94,0.86,0.81,0.82,0.91,0.91,0.88,Never,0,0.875,0.86
68,68,0.82,0.72,0.89,0.83,0.86,0.87,0.84,Test_3,4,0.77,0.83
69,69,0.94,0.8,0.9,0.8,0.81,0.75,0.84,Never,0,0.8333333333333334,0.82
70,70,0.75,0.7,0.71,0.85,0.85,0.84,0.79,Test_2,5,0.75,0.83
71,71,0.66,0.84,0.72,0.83,0.6,0.62,0.72,Test_2,5,0.66,0.76
72,72,0.7,0.74,0.95,0.87,0.92,0.78,0.83,Test_2,5,0.7,0.79
73,73,0.92,0.96,0.93,0.92,0.91,0.89,0.93,Never,0,0.9216666666666665,0.89
74,74,0.51,0.62,0.87,0.72,1.0,0.79,0.76,Test_3,4,0.565,0.67
75,75,0.46,0.79,0.63,0.64,0.72,0.8,0.68,Test_2,5,0.46,0.6
76,76,0.83,0.77,0.81,0.71,0.78,0.79,0.79,Test_2,5,0.83,0.89
77,77,0.86,0.84,0.9,0.97,0.95,0.88,0.9,Never,0,0.9,0.87
78,78,0.49,0.61,0.6,0.78,0.73,0.84,0.68,Test_6,1,0.6420000000000001,0.69
79,79,0.66,0.76,0.71,0.74,0.73,0.63,0.71,Test_2,5,0.66,0.76
80,80,0.87,0.97,0.82,0.93,0.91,0.85,0.9,Never,0,0.8916666666666666,0.87
81,81,0.68,0.8,0.84,0.7,0.69,0.9,0.77,Test_2,5,0.68,0.77
82,82,0.73,0.62,0.53,0.86,0.79,0.73,0.71,Test_5,4,0.685,0.76
83,83,0.72,0.85,0.83,0.79,0.65,0.81,0.78,Test_2,5,0.72,0.8
84,84,0.59,0.84,0.91,0.96,0.81,0.94,0.85,Test_2,5,0.59,0.7
85,85,0.65,0.84,0.72,0.79,0.78,0.84,0.77,Test_2,5,0.65,0.75
86,86,0.66,0.74,0.6,0.62,0.7,0.71,0.68,Never,0,0.6716666666666667,0.7
87,87,0.76,0.43,0.67,0.82,0.7,0.8,0.7,Test_5,4,0.6699999999999999,0.75
88,88,0.67,0.91,0.84,0.85,0.89,0.83,0.84,Test_2,5,0.67,0.77
89,89,0.49,0.37,0.6,0.44,0.45,0.31,0.45,Never,0,0.44333333333333336,0.52
90,90,0.52,0.55,0.42,0.61,0.63,0.69,0.57,Never,0,0.57,0.62
91,91,0.61,0.64,0.71,0.83,0.77,0.76,0.73,Test_3,4,0.625,0.72
92,92,0.65,0.55,0.52,0.48,0.52,0.63,0.56,Never,0,0.5583333333333333,0.61
93,93,0.73,0.74,0.78,0.82,0.83,0.95,0.81,Test_4,3,0.75,0.8
94,94,0.68,0.55,0.74,0.59,0.74,0.48,0.63,Never,0,0.63,0.66
95,95,0.8,0.82,0.81,0.85,0.68,0.85,0.81,Test_2,5,0.8,0.87
96,96,0.53,0.57,0.64,0.61,0.56,0.75,0.61,Never,0,0.61,0.65
97,97,0.75,0.7,0.65,0.64,0.83,0.78,0.73,Test_2,5,0.75,0.83
98,98,0.77,0.79,0.78,0.81,0.97,0.9,0.84,Test_3,4,0.78,0.84
99,99,0.55,0.49,0.57,0.76,0.67,0.83,0.65,Test_6,1,0.608,0.66
100,100,0.64,0.78,0.87,0.9,0.89,0.7,0.8,Test_3,4,0.71,0.78
101,101,0.71,0.69,0.67,0.69,0.86,0.76,0.73,Test_6,1,0.724,0.75
102,102,0.76,0.76,0.62,0.68,0.91,0.72,0.75,Test_2,5,0.76,0.84
103,103,0.52,0.59,0.65,0.76,0.72,0.71,0.66,Test_4,3,0.5866666666666666,0.67
104,104,0.54,0.67,0.66,0.77,0.79,0.63,0.68,Never,0,0.6766666666666667,0.7
105,105,0.71,0.83,0.78,0.77,0.91,0.76,0.8,Test_2,5,0.71,0.8
106,106,0.82,0.76,0.64,0.88,0.8,0.85,0.8,Test_3,4,0.79,0.85
107,107,0.71,0.65,0.51,0.74,0.76,0.69,0.68,Test_4,3,0.6233333333333333,0.7
108,108,0.73,0.53,0.8,0.89,0.77,0.85,0.77,Test_3,4,0.63,0.72
109,109,0.81,0.83,0.8,0.84,0.74,0.86,0.82,Test_2,5,0.81,0.87
110,110,0.67,0.83,0.85,0.88,0.75,0.79,0.8,Test_4,3,0.7833333333333333,0.83
111,111,0.95,0.95,0.84,0.84,0.94,0.9,0.91,Never,0,0.9033333333333333,0.88
112,112,0.84,0.81,0.91,0.96,0.84,0.78,0.86,Test_2,5,0.84,0.9
113,113,0.81,0.86,0.85,0.83,0.85,0.91,0.86,Test_2,5,0.81,0.87
114,114,0.9,0.93,0.89,1.0,0.91,1.0,0.94,Never,0,0.9383333333333334,0.9
115,115,0.57,0.72,0.55,0.64,0.49,0.69,0.61,Never,0,0.61,0.65
116,116,0.8,0.9,0.64,0.86,0.81,0.9,0.82,Test_4,3,0.7800000000000001,0.82
117,117,0.72,0.38,0.51,0.58,0.8,0.64,0.61,Test_5,4,0.5475,0.66
118,118,0.7,0.79,0.79,0.82,0.61,0.82,0.76,Test_2,5,0.7,0.79
119,119,0.65,0.83,0.85,0.82,0.83,0.83,0.81,Test_2,5,0.65,0.75
120,120,0.78,0.87,0.84,0.88,0.79,0.76,0.82,Test_2,5,0.78,0.85
121,121,0.89,0.84,0.9,0.97,0.92,0.91,0.91,Test_3,4,0.865,0.9
122,122,0.61,0.67,0.98,0.78,0.79,0.84,0.78,Test_3,4,0.64,0.73
123,123,0.83,0.8,0.94,0.9,0.87,0.87,0.87,Test_2,5,0.83,0.89
124,124,0.88,0.74,0.72,0.7,0.7,0.75,0.75,Test_4,3,0.7799999999999999,0.82
125,125,0.87,0.85,0.97,0.88,0.89,0.84,0.89,Never,0,0.8833333333333333,0.86
126,126,0.77,0.76,0.78,0.73,0.81,0.95,0.8,Test_2,5,0.77,0.84
127,127,0.73,0.82,0.79,0.74,0.79,0.72,0.77,Test_3,4,0.7749999999999999,0.83
128,128,0.72,0.49,0.29,0.47,0.45,0.51,0.49,Never,0,0.4883333333333333,0.55
129,129,0.58,0.63,0.57,0.59,0.58,0.53,0.58,Never,0,0.58,0.63
130,130,0.68,0.48,0.64,0.81,0.95,0.79,0.73,Test_4,3,0.6000000000000001,0.68
131,131,0.67,0.86,0.7,0.78,0.76,0.83,0.77,Test_2,5,0.67,0.77
132,132,0.5,0.73,0.79,0.65,0.75,0.6,0.67,Test_4,3,0.6733333333333333,0.74
133,133,0.62,0.84,0.84,0.87,0.64,0.79,0.77,Test_2,5,0.62,0.73
134,134,0.67,0.69,0.8,0.94,0.63,0.83,0.76,Test_4,3,0.7200000000000001,0.78
135,135,0.57,0.6,0.9,0.84,0.73,0.83,0.75,Test_4,3,0.69,0.75
136,136,0.79,0.86,0.85,0.86,0.93,0.76,0.85,Test_2,5,0.79,0.86
137,137,0.45,0.9,0.86,0.8,0.82,0.75,0.77,Test_3,4,0.675,0.76
138,138,0.72,0.89,0.75,0.82,0.9,0.79,0.82,Test_2,5,0.72,0.8
139,139,0.78,0.88,0.89,0.67,0.79,0.73,0.79,Test_2,5,0.78,0.85
140,140,0.78,0.66,0.59,0.77,0.75,0.81,0.73,Test_5,4,0.7,0.77
141,141,0.61,0.91,0.81,0.9,0.92,0.84,0.84,Test_2,5,0.61,0.72
142,142,0.66,0.8,0.73,0.71,0.84,0.77,0.76,Test_2,5,0.66,0.76
143,143,0.88,0.95,0.82,0.92,0.96,0.92,0.91,Test_4,3,0.8833333333333333,0.9
144,144,0.45,0.5,0.42,0.42,0.36,0.38,0.43,Never,0,0.42166666666666663,0.5
145,145,0.71,0.93,0.86,0.83,0.77,0.71,0.81,Never,0,0.8016666666666666,0.8
146,146,0.5,0.65,0.75,0.59,0.58,0.73,0.64,Test_2,5,0.5,0.63
147,147,0.68,0.95,0.74,0.78,0.81,0.76,0.79,Test_3,4,0.815,0.86
148,148,0.6,0.68,0.71,0.77,0.68,0.77,0.71,Test_3,4,0.64,0.73
149,149,0.73,0.89,0.85,0.85,0.69,0.87,0.82,Test_2,5,0.73,0.81
150,150,0.73,0.56,0.68,0.76,0.71,0.69,0.69,Test_4,3,0.6566666666666667,0.73
151,151,0.8,0.92,0.75,0.63,0.79,0.76,0.78,Never,0,0.775,0.78
152,152,0.34,0.57,0.52,0.58,0.56,0.61,0.53,Never,0,0.5299999999999999,0.59
153,153,0.71,0.82,0.78,0.83,0.8,0.82,0.8,Test_2,5,0.71,0.8
154,154,0.67,0.84,0.76,0.72,0.78,0.79,0.77,Test_2,5,0.67,0.77
155,155,0.94,0.97,0.99,0.81,0.92,0.88,0.92,Never,0,0.9183333333333333,0.89
156,156,0.71,0.8,0.68,0.86,0.79,0.78,0.77,Test_2,5,0.71,0.8
157,157,0.89,0.89,0.94,0.94,0.97,0.97,0.94,Never,0,0.9333333333333332,0.9
158,158,0.65,0.64,0.73,0.8,0.85,0.72,0.74,Test_3,4,0.645,0.73
159,159,0.63,0.6,0.83,0.81,0.68,0.62,0.7,Test_3,4,0.615,0.71
160,160,0.72,0.58,0.81,0.82,0.88,0.75,0.76,Test_3,4,0.6499999999999999,0.74
161,161,0.61,0.54,0.53,0.53,0.63,0.66,0.59,Never,0,0.5833333333333334,0.63
162,162,0.35,0.38,0.43,0.46,0.29,0.53,0.41,Never,0,0.4066666666666667,0.49
163,163,0.68,0.65,0.92,0.84,0.82,0.75,0.78,Test_3,4,0.665,0.75
164,164,0.36,0.45,0.4,0.59,0.48,0.57,0.48,Test_5,4,0.44999999999999996,0.58
165,165,0.8,0.88,0.79,0.8,0.75,0.77,0.8,Test_5,4,0.8175000000000001,0.87
166,166,0.7,0.93,0.92,0.75,0.82,0.9,0.84,Never,0,0.8366666666666668,0.83
167,167,0.77,0.81,0.8,0.83,0.79,0.82,0.81,Test_2,5,0.77,0.84
168,168,0.6,0.6,0.62,0.71,0.82,0.89,0.71,Test_6,1,0.6699999999999999,0.71
169,169,0.75,0.78,0.76,0.81,0.76,0.71,0.77,Test_2,5,0.75,0.83
170,170,0.81,0.84,0.82,0.81,0.78,0.88,0.83,Test_2,5,0.81,0.87
171,171,0.57,0.66,0.63,0.61,0.45,0.73,0.61,Never,0,0.6083333333333333,0.65
172,172,0.52,0.98,0.79,0.87,0.84,0.89,0.82,Test_2,5,0.52,0.65
173,173,0.55,0.7,0.69,0.74,0.71,0.78,0.7,Test_2,5,0.55,0.67
174,174,0.75,0.81,0.94,0.84,0.8,0.85,0.84,Test_2,5,0.75,0.83
175,175,0.79,0.76,0.86,0.8,0.81,0.77,0.8,Test_2,5,0.79,0.86
176,176,0.68,0.63,0.51,0.48,0.71,0.58,0.6,Test_5,4,0.575,0.68
177,177,0.81,0.81,0.76,0.68,0.75,0.73,0.76,Test_2,5,0.81,0.87
178,178,0.77,0.72,0.78,0.86,0.91,0.85,0.82,Test_2,5,0.77,0.84
179,179,0.6,0.79,0.86,1.0,0.78,0.85,0.82,Test_3,4,0.6950000000000001,0.77
180,180,0.71,0.78,0.82,0.9,0.87,0.81,0.82,Test_2,5,0.71,0.8
181,181,0.86,0.73,0.63,0.8,0.89,0.74,0.78,Test_3,4,0.7949999999999999,0.85
182,182,0.78,0.93,0.8,0.83,0.94,0.69,0.83,Test_2,5,0.78,0.85
183,183,0.69,0.67,0.74,0.92,0.88,0.8,0.79,Test_3,4,0.6799999999999999,0.76
184,184,0.48,0.55,0.48,0.65,0.86,0.67,0.62,Test_5,4,0.54,0.65
185,185,0.43,0.5,0.36,0.56,0.57,0.53,0.5,Never,0,0.4916666666666667,0.56
186,186,0.48,0.73,0.47,0.49,0.55,0.69,0.57,Test_6,1,0.5439999999999999,0.61
187,187,0.55,0.53,0.43,0.33,0.43,0.55,0.47,Never,0,0.47000000000000003,0.54
188,188,0.69,0.68,0.95,0.77,0.7,0.77,0.77,Test_2,5,0.69,0.78
189,189,0.7,0.69,0.9,0.7,0.69,0.85,0.76,Test_3,4,0.695,0.77
190,190,0.89,0.85,0.85,0.89,0.93,0.97,0.9,Never,0,0.8966666666666666,0.87
191,191,0.68,0.77,0.86,0.89,0.81,0.89,0.82,Test_2,5,0.68,0.77
192,192,0.64,0.72,0.76,0.78,0.8,0.68,0.73,Test_2,5,0.64,0.74
193,193,0.66,0.8,0.85,0.9,0.75,0.83,0.8,Test_3,4,0.73,0.8
194,194,0.8,0.84,0.84,0.85,0.92,0.78,0.84,Test_2,5,0.8,0.87
195,195,0.72,0.53,0.62,0.55,0.74,0.77,0.66,Test_5,4,0.605,0.7
196,196,0.44,0.59,0.62,0.59,0.85,0.59,0.62,Test_5,4,0.5599999999999999,0.67
197,197,0.72,0.85,0.85,0.83,0.8,0.84,0.82,Test_2,5,0.72,0.8
198,198,0.88,0.81,0.82,0.89,0.75,0.85,0.84,Never,0,0.8333333333333334,0.82
199,199,0.62,0.54,0.42,0.61,0.65,0.66,0.59,Never,0,0.5833333333333334,0.63
200,200,0.6,0.7,0.81,0.74,0.53,0.83,0.71,Test_6,1,0.6759999999999999,0.71
201,201,0.89,0.97,0.9,0.93,0.96,0.92,0.93,Never,0,0.9283333333333333,0.9
202,202,0.67,0.66,0.6,0.83,0.82,0.85,0.74,Test_4,3,0.6433333333333334,0.72
203,203,0.75,0.9,0.8,0.89,0.83,0.9,0.85,Test_2,5,0.75,0.83
204,204,0.53,0.65,0.67,0.72,0.74,0.77,0.68,Never,0,0.68,0.7
205,205,0.59,0.75,0.58,0.68,0.7,0.84,0.69,Test_5,4,0.65,0.74
206,206,0.7,0.78,0.76,0.76,0.69,0.76,0.75,Test_2,5,0.7,0.79
207,207,0.73,0.65,0.89,0.75,0.73,0.64,0.74,Test_3,4,0.69,0.77
208,208,0.98,0.79,0.84,0.91,0.92,0.89,0.89,Never,0,0.8883333333333333,0.87
209,209,0.79,0.95,0.73,0.81,0.81,0.95,0.84,Test_4,3,0.8233333333333333,0.86
210,210,0.73,0.6,0.51,0.87,0.69,0.61,0.67,Never,0,0.6683333333333333,0.69
211,211,0.32,0.63,0.62,0.43,0.72,0.71,0.58,Test_5,4,0.49999999999999994,0.62
212,212,0.94,0.94,0.97,0.94,0.93,0.88,0.94,Never,0,0.9333333333333332,0.9
213,213,0.57,0.63,0.69,0.74,0.76,0.74,0.69,Test_4,3,0.63,0.71
214,214,0.75,0.71,0.78,0.78,0.72,0.69,0.74,Test_2,5,0.75,0.83
215,215,0.46,0.61,0.44,0.58,0.78,0.63,0.59,Never,0,0.5833333333333334,0.63
216,216,0.53,0.61,0.75,0.65,0.73,0.44,0.62,Never,0,0.6183333333333333,0.66
217,217,0.53,0.54,0.76,0.74,0.63,0.72,0.66,Test_3,4,0.535,0.65
218,218,0.57,0.78,0.72,0.76,0.81,0.72,0.73,Test_2,5,0.57,0.69
219,219,0.48,0.57,0.63,0.51,0.75,0.66,0.6,Test_3,4,0.5249999999999999,0.64
220,220,0.72,0.91,0.81,0.96,0.98,0.77,0.86,Never,0,0.8583333333333334,0.84
221,221,0.79,0.81,0.77,0.86,0.73,0.87,0.81,Test_2,5,0.79,0.86
222,222,0.71,0.91,0.83,0.74,0.79,0.74,0.79,Test_3,4,0.81,0.86
223,223,0.69,0.66,0.92,0.83,0.79,0.88,0.8,Test_3,4,0.675,0.76
224,224,0.72,0.91,0.87,0.95,0.81,0.82,0.85,Test_2,5,0.72,0.8
225,225,0.85,0.68,0.86,0.85,0.64,0.89,0.8,Test_6,1,0.776,0.79
226,226,1.0,0.92,0.83,0.88,1.0,0.93,0.93,Never,0,0.9266666666666666,0.9
227,227,0.6,0.85,0.84,0.83,0.74,0.83,0.79,Test_2,5,0.6,0.71
228,228,0.59,0.86,0.79,0.73,0.92,0.81,0.79,Test_2,5,0.59,0.7
229,229,0.63,0.88,0.95,0.81,0.85,0.76,0.82,Test_2,5,0.63,0.73
230,230,0.77,0.57,0.63,0.73,0.6,0.73,0.68,Test_3,4,0.6699999999999999,0.75
231,231,0.59,0.78,0.9,0.85,0.8,0.73,0.78,Test_2,5,0.59,0.7
232,232,0.56,0.79,0.78,0.64,0.76,0.78,0.72,Test_5,4,0.6925,0.77
233,233,0.6,0.88,0.76,0.85,0.86,0.79,0.79,Test_2,5,0.6,0.71
234,234,0.92,0.9,0.85,0.87,0.89,0.82,0.88,Never,0,0.875,0.86
235,235,0.84,0.94,0.8,0.83,0.87,0.85,0.86,Never,0,0.855,0.84
236,236,0.62,0.49,0.76,0.87,0.9,0.73,0.73,Test_3,4,0.5549999999999999,0.66
237,237,0.69,0.79,0.73,0.84,0.77,0.75,0.77,Test_2,5,0.69,0.78
238,238,0.76,0.62,0.84,0.93,0.99,0.79,0.83,Test_3,4,0.69,0.77
239,239,0.91,0.8,0.89,0.67,0.89,0.84,0.84,Never,0,0.8333333333333334,0.82
240,240,0.86,0.92,0.89,0.8,0.84,0.86,0.87,Never,0,0.8616666666666667,0.84
241,241,0.68,0.63,0.7,0.83,0.93,0.79,0.77,Test_4,3,0.6699999999999999,0.74
242,242,0.61,0.56,0.78,0.9,0.74,0.78,0.73,Test_3,4,0.585,0.69
243,243,0.72,0.72,0.68,0.73,0.8,0.81,0.75,Test_2,5,0.72,0.8
244,244,0.49,0.51,0.54,0.7,0.56,0.71,0.59,Test_6,1,0.56,0.62
245,245,0.58,0.69,0.64,0.67,0.72,0.8,0.69,Test_4,3,0.6366666666666667,0.71
246,246,0.64,0.83,0.85,0.78,0.71,0.74,0.76,Test_2,5,0.64,0.74
247,247,0.71,0.8,0.66,0.69,0.67,0.85,0.73,Test_2,5,0.71,0.8
248,248,0.82,0.85,0.88,0.82,0.77,0.82,0.83,Test_2,5,0.82,0.88
249,249,0.85,0.9,0.97,0.93,0.88,0.97,0.92,Never,0,0.9166666666666666,0.89
250,250,0.93,0.83,0.84,0.78,0.96,0.96,0.89,Test_5,4,0.845,0.89
251,251,0.58,0.67,0.46,0.55,0.44,0.8,0.59,Test_6,1,0.5399999999999999,0.61
252,252,0.42,0.39,0.52,0.46,0.49,0.37,0.45,Never,0,0.4416666666666667,0.52
253,253,0.57,0.76,0.75,0.7,0.61,0.73,0.69,Test_2,5,0.57,0.69
254,254,0.63,0.82,0.88,0.86,0.87,0.86,0.82,Test_2,5,0.63,0.73
255,255,0.66,0.59,0.93,0.87,0.76,0.76,0.77,Test_3,4,0.625,0.72
256,256,0.92,0.91,0.87,0.94,0.82,0.89,0.9,Never,0,0.8916666666666666,0.87
257,257,0.54,0.8,0.87,0.85,0.9,0.86,0.81,Test_2,5,0.54,0.66
258,258,0.41,0.65,0.68,0.6,0.53,0.73,0.6,Never,0,0.6,0.64
259,259,0.65,0.55,0.66,0.56,0.76,0.72,0.65,Test_3,4,0.6000000000000001,0.7
260,260,0.83,0.8,0.7,0.83,0.88,0.93,0.83,Test_3,4,0.815,0.86
261,261,0.65,0.8,0.83,0.88,0.91,0.72,0.8,Test_2,5,0.65,0.75
262,262,0.42,0.6,0.56,0.53,0.47,0.56,0.53,Test_2,5,0.42,0.57
263,263,0.86,0.64,0.81,0.7,0.79,0.79,0.77,Test_3,4,0.75,0.81
264,264,0.55,0.65,0.62,0.76,0.8,0.74,0.69,Test_2,5,0.55,0.67
265,265,0.9,0.95,0.94,0.81,0.9,0.95,0.91,Never,0,0.9083333333333333,0.88
266,266,0.63,0.9,0.77,0.89,0.88,0.76,0.81,Test_2,5,0.63,0.73
267,267,0.66,0.53,0.7,0.62,0.53,0.48,0.59,Never,0,0.5866666666666667,0.63
268,268,0.66,0.78,0.63,0.71,0.67,0.83,0.72,Test_5,4,0.695,0.77
269,269,0.61,0.74,0.77,0.68,0.78,0.78,0.73,Test_3,4,0.675,0.76
270,270,0.53,0.49,0.53,0.54,0.51,0.53,0.53,Never,0,0.5216666666666666,0.58
271,271,0.58,0.61,0.48,0.75,0.72,0.63,0.63,Never,0,0.6283333333333333,0.66
272,272,0.77,0.88,0.72,0.78,0.84,0.82,0.81,Test_2,5,0.77,0.84
273,273,0.61,0.92,0.76,0.74,0.81,0.67,0.76,Test_2,5,0.61,0.72
274,274,0.72,0.7,0.7,0.61,0.85,0.74,0.73,Test_5,4,0.6825,0.76
275,275,0.89,0.79,0.77,0.8,0.94,0.81,0.84,Test_2,5,0.89,0.94
276,276,0.83,0.8,0.81,1.0,0.9,0.99,0.89,Test_2,5,0.83,0.89
277,277,0.65,0.74,0.77,0.82,0.84,0.57,0.74,Test_3,4,0.6950000000000001,0.77
278,278,0.93,0.93,0.98,0.98,0.87,0.81,0.92,Never,0,0.9166666666666666,0.89
279,279,0.78,0.86,0.8,0.78,0.86,0.83,0.82,Test_3,4,0.8200000000000001,0.87
280,280,0.7,0.86,0.68,0.68,0.86,0.78,0.77,Test_3,4,0.78,0.84
281,281,0.64,0.73,0.72,0.88,0.91,0.75,0.78,Test_2,5,0.64,0.74
282,282,0.67,0.92,0.88,0.69,0.7,0.76,0.77,Test_2,5,0.67,0.77
283,283,0.91,0.98,0.9,0.85,0.8,0.92,0.9,Never,0,0.8933333333333334,0.87
284,284,0.85,0.9,0.85,0.93,0.84,0.94,0.89,Never,0,0.8850000000000001,0.86
285,285,0.56,0.58,0.68,0.5,0.6,0.49,0.57,Never,0,0.5683333333333334,0.62
286,286,0.7,0.89,0.68,0.81,0.76,0.81,0.78,Test_2,5,0.7,0.79
287,287,0.76,0.82,0.9,0.76,0.97,0.8,0.84,Test_2,5,0.76,0.84
288,288,0.61,0.74,0.88,0.85,0.78,0.8,0.78,Test_3,4,0.675,0.76
289,289,0.6,0.85,0.7,0.73,0.58,0.72,0.7,Test_2,5,0.6,0.71
290,290,0.62,0.81,0.92,0.84,0.87,0.96,0.84,Test_3,4,0.7150000000000001,0.79
291,291,0.98,0.84,0.89,0.87,0.83,0.94,0.9,Never,0,0.8916666666666666,0.87
292,292,0.69,0.4,0.84,0.67,0.64,0.72,0.66,Test_3,4,0.5449999999999999,0.65
293,293,0.63,0.76,0.71,0.71,0.75,0.74,0.72,Test_3,4,0.6950000000000001,0.77
294,294,0.85,0.85,0.86,0.95,0.86,0.92,0.89,Test_3,4,0.85,0.89
295,295,0.7,0.81,0.8,0.89,0.92,0.75,0.82,Test_2,5,0.7,0.79
296,296,0.92,0.93,0.96,0.9,0.91,0.88,0.92,Never,0,0.9166666666666666,0.89
297,297,0.39,0.6,0.69,0.73,0.74,0.57,0.62,Test_6,1,0.6300000000000001,0.68
298,298,0.79,0.94,0.9,0.79,0.92,0.78,0.86,Never,0,0.8533333333333334,0.84
299,299,0.71,0.85,0.66,0.79,0.83,0.95,0.8,Test_2,5,0.71,0.8
300,300,0.83,0.97,0.86,0.96,0.85,0.94,0.91,Never,0,0.9016666666666667,0.88
301,301,0.7,0.66,0.82,0.87,0.93,0.68,0.78,Test_3,4,0.6799999999999999,0.76
302,302,0.77,0.79,0.86,0.88,0.85,0.82,0.83,Test_2,5,0.77,0.84
303,303,0.77,0.73,0.82,0.7,0.79,0.72,0.76,Test_2,5,0.77,0.84
304,304,0.62,0.76,0.62,0.82,0.86,0.88,0.76,Test_2,5,0.62,0.73
305,305,0.74,0.57,0.77,0.79,0.78,0.86,0.76,Test_3,4,0.655,0.74
306,306,0.79,0.75,0.8,0.62,0.75,0.77,0.75,Test_2,5,0.79,0.86
307,307,0.8,0.73,0.87,0.79,0.86,0.83,0.82,Test_2,5,0.8,0.87
308,308,0.68,0.63,0.81,0.58,0.71,0.77,0.7,Test_3,4,0.655,0.74
309,309,0.59,0.76,0.67,0.69,0.51,0.77,0.67,Never,0,0.6649999999999999,0.69
310,310,1.0,0.84,0.99,0.83,0.86,0.93,0.91,Never,0,0.9083333333333333,0.88
311,311,0.74,0.83,0.85,0.87,0.71,0.88,0.82,Test_2,5,0.74,0.82
312,312,0.89,0.82,0.86,0.93,0.95,0.94,0.9,Test_5,4,0.875,0.91
313,313,0.55,0.85,0.79,0.77,0.87,0.85,0.78,Test_2,5,0.55,0.67
314,314,0.57,0.72,0.77,0.73,0.87,0.74,0.74,Test_2,5,0.57,0.69
315,315,0.89,0.89,0.98,0.94,0.79,0.87,0.9,Test_5,4,0.9249999999999999,0.95
316,316,0.33,0.5,0.47,0.61,0.51,0.46,0.48,Never,0,0.48,0.55
317,317,0.7,0.73,0.75,0.76,0.86,0.8,0.77,Test_2,5,0.7,0.79
318,318,0.55,0.79,0.7,0.76,0.69,0.71,0.7,Test_2,5,0.55,0.67
319,319,0.96,0.76,0.89,0.75,0.72,0.82,0.82,Never,0,0.8166666666666668,0.81
320,320,0.72,0.86,0.81,0.85,0.91,0.76,0.82,Test_2,5,0.72,0.8
321,321,0.73,0.55,0.87,0.81,0.89,0.84,0.79,Test_5,4,0.74,0.81
322,322,0.87,0.74,0.83,0.91,0.93,0.85,0.86,Test_3,4,0.8049999999999999,0.86
323,323,0.85,0.7,0.81,0.85,0.94,0.82,0.83,Never,0,0.8283333333333335,0.82
324,324,0.84,0.8,0.72,0.73,0.89,0.76,0.79,Test_5,4,0.7725000000000001,0.83
325,325,0.68,0.76,0.67,0.64,0.82,0.76,0.73,Test_2,5,0.68,0.77
326,326,0.61,0.73,0.44,0.62,0.6,0.76,0.63,Test_4,3,0.5933333333333333,0.68
327,327,0.72,0.76,0.77,0.82,0.84,0.79,0.79,Test_3,4,0.74,0.81
328,328,0.76,0.84,1.0,0.93,0.86,0.88,0.88,Test_2,5,0.76,0.84
329,329,0.66,0.51,0.79,0.7,0.69,0.93,0.72,Never,0,0.7133333333333334,0.73
330,330,0.71,0.68,0.71,0.62,0.81,0.73,0.71,Test_2,5,0.71,0.8
331,331,0.63,0.82,0.85,0.76,0.8,0.81,0.78,Test_2,5,0.63,0.73
332,332,0.62,0.63,0.72,0.72,0.72,0.55,0.66,Never,0,0.66,0.69
333,333,0.63,0.91,0.82,0.77,0.61,0.73,0.75,Test_2,5,0.63,0.73
334,334,0.69,0.91,0.95,0.87,0.88,0.96,0.88,Test_2,5,0.69,0.78
335,335,0.79,0.82,0.72,0.81,0.94,0.94,0.84,Test_4,3,0.7766666666666667,0.82
336,336,0.76,0.71,0.83,0.89,0.83,0.88,0.82,Test_3,4,0.735,0.8
337,337,0.66,0.86,0.7,1.0,0.86,0.84,0.82,Never,0,0.82,0.81
338,338,0.61,0.84,0.62,0.8,0.59,0.7,0.7,Test_4,3,0.69,0.75
339,339,0.71,0.86,0.82,0.93,0.92,0.83,0.85,Test_2,5,0.71,0.8
340,340,0.8,0.63,0.92,0.88,0.75,0.77,0.8,Test_3,4,0.7150000000000001,0.79
341,341,0.65,0.51,0.64,0.68,0.84,0.89,0.71,Test_3,4,0.5800000000000001,0.68
342,342,0.73,0.6,0.7,0.76,0.7,0.87,0.73,Test_4,3,0.6766666666666667,0.74
343,343,0.64,0.73,0.68,0.79,0.71,0.87,0.74,Test_5,4,0.7100000000000001,0.78
344,344,0.86,0.91,0.92,0.89,0.92,0.85,0.9,Never,0,0.8916666666666666,0.87
345,345,0.49,0.76,0.78,0.66,0.75,0.71,0.7,Test_3,4,0.625,0.72
346,346,0.74,0.64,0.67,0.73,0.75,0.7,0.71,Test_4,3,0.6833333333333332,0.75
347,347,0.93,0.79,0.78,0.77,0.78,0.78,0.81,Test_5,4,0.8175,0.87
348,348,0.63,0.76,0.83,0.84,0.86,0.73,0.78,Test_3,4,0.6950000000000001,0.77
349,349,0.88,0.98,0.93,0.88,0.77,0.88,0.89,Test_2,5,0.88,0.93
350,350,0.85,0.86,0.61,0.72,0.91,0.73,0.78,Test_4,3,0.7733333333333333,0.82
351,351,0.84,0.52,0.67,0.72,0.71,0.82,0.72,Test_3,4,0.6799999999999999,0.76
352,352,0.72,0.88,0.87,0.84,0.96,0.82,0.85,Test_2,5,0.72,0.8
353,353,0.73,0.82,0.91,0.91,0.8,0.74,0.82,Test_2,5,0.73,0.81
354,354,0.88,0.94,0.87,0.91,0.81,0.69,0.85,Never,0,0.85,0.84
355,355,0.72,0.79,0.67,0.69,0.79,0.88,0.76,Test_2,5,0.72,0.8
356,356,0.68,0.57,0.75,0.48,0.83,0.82,0.69,Test_5,4,0.62,0.71
357,357,0.92,0.79,0.85,0.68,0.78,0.88,0.82,Never,0,0.8166666666666668,0.81
358,358,0.84,0.81,0.77,0.76,0.71,0.78,0.78,Test_2,5,0.84,0.9
359,359,0.77,0.5,0.76,0.64,0.75,0.75,0.7,Test_4,3,0.6766666666666667,0.74
360,360,0.39,0.46,0.61,0.6,0.37,0.74,0.53,Never,0,0.5283333333333333,0.59
361,361,0.82,0.75,0.87,0.76,0.81,0.87,0.82,Test_2,5,0.82,0.88
362,362,0.58,0.67,0.56,0.77,0.85,0.77,0.7,Test_5,4,0.645,0.73
363,363,0.99,0.88,0.88,0.91,0.91,0.88,0.91,Never,0,0.9083333333333333,0.88
364,364,0.78,0.85,0.8,0.83,0.96,0.91,0.86,Test_2,5,0.78,0.85
365,365,0.47,0.53,0.41,0.46,0.56,0.69,0.52,Test_6,1,0.48599999999999993,0.57
366,366,0.83,0.81,0.79,0.9,0.86,0.82,0.84,Test_2,5,0.83,0.89
367,367,0.59,0.38,0.58,0.63,0.53,0.74,0.58,Test_6,1,0.542,0.61
368,368,0.76,0.79,0.92,0.9,0.78,0.91,0.85,Test_2,5,0.76,0.84
369,369,0.7,0.84,0.89,0.61,0.82,0.77,0.78,Test_2,5,0.7,0.79
370,370,0.42,0.47,0.76,0.74,0.82,0.63,0.64,Test_3,4,0.44499999999999995,0.58
371,371,0.87,0.8,0.93,0.86,0.96,0.93,0.9,Test_5,4,0.865,0.9
372,372,0.67,0.74,0.89,0.79,0.91,0.85,0.81,Test_3,4,0.7050000000000001,0.78
373,373,0.87,0.91,0.96,0.9,0.88,0.88,0.9,Never,0,0.9,0.87
374,374,0.76,0.68,0.93,0.77,0.84,0.9,0.82,Test_4,3,0.79,0.83
375,375,0.69,0.81,0.74,0.86,0.74,0.83,0.78,Test_2,5,0.69,0.78
376,376,0.32,0.79,0.79,0.83,0.72,0.71,0.7,Test_2,5,0.32,0.49
377,377,0.64,0.73,0.83,0.83,0.78,0.71,0.76,Test_3,4,0.685,0.76
378,378,0.65,0.48,0.7,0.63,0.72,0.66,0.64,Test_6,1,0.6359999999999999,0.68
379,379,0.64,0.61,0.88,0.91,0.78,0.82,0.78,Test_3,4,0.625,0.72
380,380,0.9,0.74,0.72,0.83,0.97,0.96,0.86,Test_3,4,0.8200000000000001,0.87
381,381,0.77,0.75,0.82,0.82,0.85,0.8,0.81,Test_2,5,0.77,0.84
382,382,0.88,0.78,0.88,0.85,0.89,0.83,0.86,Never,0,0.8516666666666667,0.84
383,383,0.63,0.7,0.78,0.88,0.85,0.7,0.76,Test_3,4,0.665,0.75
384,384,0.64,0.82,0.78,0.77,0.63,0.9,0.76,Test_3,4,0.73,0.8
385,385,0.96,0.92,0.98,0.92,0.86,0.93,0.93,Never,0,0.9283333333333332,0.9
386,386,0.68,0.82,0.83,0.66,0.73,0.96,0.78,Test_2,5,0.68,0.77
387,387,0.84,0.88,0.94,0.9,0.89,0.89,0.89,Test_3,4,0.86,0.9
388,388,0.67,0.68,0.8,0.83,0.77,0.78,0.76,Test_3,4,0.675,0.76
389,389,0.72,0.68,1.0,0.68,0.77,0.89,0.79,Test_2,5,0.72,0.8
390,390,0.8,0.88,0.74,0.92,0.84,0.81,0.84,Test_3,4,0.8400000000000001,0.88
391,391,0.62,0.59,0.65,0.58,0.67,0.69,0.64,Test_6,1,0.622,0.67
392,392,0.68,0.88,0.77,0.86,0.83,0.81,0.81,Test_2,5,0.68,0.77
393,393,0.77,0.84,0.85,0.8,0.79,0.81,0.81,Test_6,1,0.8099999999999999,0.82
394,394,0.72,0.6,0.77,0.71,0.85,0.81,0.75,Test_5,4,0.7,0.77
395,395,0.49,0.45,0.85,0.74,0.77,0.7,0.67,Test_5,4,0.6325000000000001,0.72
396,396,0.59,0.59,0.48,0.63,0.66,0.52,0.58,Never,0,0.5783333333333334,0.62
397,397,0.66,0.94,0.95,0.77,0.75,0.9,0.83,Never,0,0.8283333333333335,0.82
398,398,0.64,0.87,0.82,0.89,0.82,0.77,0.81,Test_2,5,0.64,0.74
399,399,0.52,0.69,0.7,0.57,0.7,0.79,0.67,Test_5,4,0.62,0.71
400,400,0.67,0.55,0.91,0.59,0.76,0.67,0.7,Never,0,0.6916666666666668,0.71
401,401,0.84,0.81,0.76,0.79,0.87,0.74,0.81,Test_3,4,0.825,0.87
402,402,0.71,0.85,0.78,0.85,0.85,0.93,0.83,Test_2,5,0.71,0.8
403,403,0.84,0.78,0.76,0.79,0.79,0.88,0.81,Test_4,3,0.7933333333333333,0.83
404,404,0.69,0.69,0.9,0.87,0.84,0.77,0.8,Test_3,4,0.69,0.77
405,405,0.5,0.48,0.63,0.35,0.47,0.41,0.48,Never,0,0.47333333333333333,0.54
406,406,0.39,0.41,0.48,0.6,0.37,0.4,0.45,Never,0,0.44166666666666665,0.52
407,407,0.7,0.87,0.71,0.94,0.99,0.86,0.85,Test_2,5,0.7,0.79
408,408,0.69,0.57,0.75,0.56,0.7,0.69,0.66,Test_5,4,0.6425,0.73
409,409,0.7,0.73,0.82,0.89,0.92,0.76,0.81,Test_2,5,0.7,0.79
410,410,0.91,0.87,0.93,0.89,0.92,0.87,0.9,Never,0,0.8983333333333334,0.87
411,411,0.73,0.6,0.66,0.77,0.74,0.75,0.71,Test_4,3,0.6633333333333334,0.73
412,412,0.85,0.79,0.76,0.81,0.85,0.88,0.83,Test_5,4,0.8025000000000001,0.85
413,413,0.89,0.8,0.89,0.76,0.79,0.82,0.83,Test_2,5,0.89,0.94
414,414,0.79,0.6,0.71,0.84,0.95,0.87,0.8,Test_4,3,0.7000000000000001,0.76
415,415,0.76,0.81,0.83,0.7,0.84,0.88,0.81,Test_2,5,0.76,0.84
416,416,0.64,0.86,0.93,0.92,0.98,0.83,0.86,Test_2,5,0.64,0.74
417,417,0.66,0.86,0.82,0.84,0.84,0.85,0.82,Test_3,4,0.76,0.82
418,418,0.9,0.92,0.86,0.96,0.8,0.88,0.89,Never,0,0.8866666666666667,0.86
419,419,0.72,0.57,0.88,0.86,0.87,0.73,0.78,Test_3,4,0.645,0.73
420,420,0.65,0.68,0.7,0.43,0.68,0.48,0.61,Never,0,0.6033333333333334,0.64
421,421,0.87,0.77,0.91,0.94,0.59,0.84,0.82,Never,0,0.82,0.81
422,422,0.75,0.73,0.78,0.82,0.84,0.78,0.79,Test_3,4,0.74,0.81
423,423,0.57,0.82,0.83,0.79,0.72,0.89,0.77,Test_3,4,0.695,0.77
424,424,0.79,0.66,0.82,0.98,0.86,0.91,0.84,Test_3,4,0.7250000000000001,0.79
425,425,0.53,0.49,0.77,0.59,0.69,0.48,0.6,Never,0,0.5916666666666667,0.63
426,426,0.71,0.84,0.83,0.69,0.9,0.85,0.81,Test_3,4,0.7749999999999999,0.83
427,427,0.89,0.87,0.92,0.83,0.94,0.85,0.89,Never,0,0.8833333333333333,0.86
428,428,0.69,0.66,0.98,0.76,0.93,0.7,0.79,Test_4,3,0.7766666666666667,0.82
429,429,0.81,0.85,0.68,0.84,0.74,0.8,0.79,Test_2,5,0.81,0.87
430,430,0.78,0.65,0.9,0.74,0.82,0.73,0.77,Test_3,4,0.7150000000000001,0.79
431,431,0.84,0.85,0.8,1.0,0.65,0.8,0.83,Never,0,0.8233333333333334,0.82
432,432,0.81,0.59,0.75,0.77,0.77,0.78,0.75,Test_3,4,0.7,0.77
433,433,0.79,0.77,0.88,0.88,0.91,0.88,0.86,Test_3,4,0.78,0.84
434,434,0.72,0.73,0.7,0.78,0.73,0.78,0.74,Test_3,4,0.725,0.79
435,435,0.83,0.64,0.93,0.78,0.94,0.87,0.84,Test_3,4,0.735,0.8
436,436,0.83,0.7,0.52,0.87,0.69,0.87,0.75,Test_4,3,0.6833333333333332,0.75
437,437,0.93,0.88,0.97,0.88,0.89,0.82,0.9,Never,0,0.895,0.87
438,438,0.91,0.72,0.86,0.71,0.78,0.82,0.8,Test_5,4,0.7999999999999999,0.85
439,439,0.66,0.82,0.8,0.65,0.75,0.74,0.74,Test_2,5,0.66,0.76
440,440,0.8,0.8,0.74,0.72,0.73,0.67,0.75,Test_2,5,0.8,0.87
441,441,0.61,0.58,0.77,0.82,0.81,0.73,0.73,Test_3,4,0.595,0.69
442,442,0.78,0.78,0.74,0.86,0.73,0.79,0.78,Test_3,4,0.78,0.84
443,443,0.58,0.64,0.68,0.54,0.66,0.61,0.62,Test_5,4,0.61,0.7
444,444,0.87,0.83,0.82,0.85,0.91,0.87,0.86,Never,0,0.8583333333333334,0.84
445,445,0.94,0.87,0.81,0.84,0.78,0.8,0.84,Test_4,3,0.8733333333333334,0.9
446,446,0.67,0.89,0.78,0.77,0.84,0.61,0.76,Test_2,5,0.67,0.77
447,447,0.77,0.87,0.75,0.68,0.79,0.87,0.79,Test_2,5,0.77,0.84
448,448,0.8,0.83,0.79,0.82,0.65,0.86,0.8,Test_6,1,0.7779999999999999,0.79
449,449,0.85,0.99,0.91,0.87,0.89,0.93,0.91,Test_6,1,0.9019999999999999,0.89
450,450,0.6,0.57,0.85,0.71,0.8,0.63,0.7,Test_3,4,0.585,0.69
451,451,0.77,0.8,0.8,0.86,0.79,0.84,0.81,Test_2,5,0.77,0.84
452,452,1.0,0.93,0.91,0.93,0.84,0.94,0.93,Never,0,0.9250000000000002,0.89
453,453,0.54,0.49,0.48,0.72,0.62,0.54,0.57,Never,0,0.5650000000000001,0.61
454,454,0.72,0.84,0.76,0.82,0.8,0.94,0.82,Test_2,5,0.72,0.8
455,455,0.71,0.87,0.85,0.95,0.8,0.8,0.83,Test_2,5,0.71,0.8
456,456,0.7,0.92,0.85,0.97,0.89,0.88,0.87,Never,0,0.8683333333333333,0.85
457,457,0.56,0.63,0.54,0.53,0.78,0.79,0.64,Test_4,3,0.5766666666666667,0.66
458,458,0.53,0.76,0.61,0.67,0.7,0.79,0.68,Test_6,1,0.6539999999999999,0.7
459,459,0.66,0.73,0.75,0.71,0.66,0.66,0.7,Test_2,5,0.66,0.76
460,460,0.94,0.9,0.77,0.85,0.85,0.82,0.86,Never,0,0.855,0.84
461,461,0.96,0.91,0.93,0.89,0.98,0.88,0.93,Never,0,0.9249999999999999,0.89
462,462,0.55,0.7,0.91,0.88,0.62,0.89,0.76,Test_2,5,0.55,0.67
463,463,0.75,0.93,0.83,0.75,0.81,0.79,0.81,Test_6,1,0.8140000000000001,0.82
464,464,0.9,0.89,0.9,0.98,0.94,0.94,0.93,Test_3,4,0.895,0.93
465,465,0.66,0.87,0.79,0.77,0.78,0.74,0.77,Test_2,5,0.66,0.76
466,466,0.7,0.7,1.0,0.87,0.78,0.9,0.83,Test_4,3,0.7999999999999999,0.84
467,467,0.66,1.0,0.84,0.97,0.79,0.88,0.86,Test_3,4,0.8300000000000001,0.88
468,468,0.81,0.77,0.76,0.82,0.86,0.74,0.8,Test_3,4,0.79,0.85
469,469,0.89,0.92,0.92,0.81,0.9,0.91,0.9,Never,0,0.8916666666666667,0.87
470,470,0.57,0.74,0.69,0.57,0.66,0.8,0.68,Test_6,1,0.646,0.69
471,471,0.91,0.74,0.88,0.86,0.71,0.87,0.83,Never,0,0.8283333333333333,0.82
472,472,0.59,0.72,0.69,0.68,0.77,0.65,0.69,Test_2,5,0.59,0.7
473,473,0.45,0.49,0.69,0.68,0.69,0.66,0.61,Never,0,0.61,0.65
474,474,0.78,0.81,0.72,0.8,0.57,0.83,0.76,Test_2,5,0.78,0.85
475,475,0.95,0.93,0.9,0.92,0.87,0.89,0.91,Never,0,0.9099999999999998,0.88
476,476,0.76,0.85,0.62,0.97,0.99,0.82,0.84,Test_4,3,0.7433333333333333,0.79
477,477,0.57,1.0,0.87,0.86,1.0,0.79,0.85,Test_3,4,0.7849999999999999,0.84
478,478,0.62,0.8,0.7,0.79,0.68,0.67,0.72,Test_2,5,0.62,0.73
479,479,0.73,0.78,0.82,0.85,0.86,0.79,0.81,Test_2,5,0.73,0.81
480,480,0.94,0.97,0.85,0.99,0.91,0.87,0.93,Never,0,0.9216666666666667,0.89
481,481,0.69,0.9,0.81,0.84,0.74,0.83,0.81,Test_2,5,0.69,0.78
482,482,0.79,0.82,0.87,0.82,0.98,0.87,0.86,Test_2,5,0.79,0.86
483,483,0.57,0.82,0.82,0.69,0.9,0.72,0.76,Test_2,5,0.57,0.69
484,484,0.62,0.65,0.78,0.7,0.77,0.84,0.73,Test_3,4,0.635,0.72
485,485,0.87,0.94,0.92,0.89,0.91,0.97,0.92,Never,0,0.9166666666666666,0.89
486,486,0.83,0.77,0.84,0.93,0.82,0.81,0.84,Test_2,5,0.83,0.89
487,487,0.9,0.95,1.0,0.91,0.85,0.84,0.91,Never,0,0.9083333333333333,0.88
488,488,0.75,0.95,0.75,0.89,0.76,0.89,0.84,Never,0,0.8316666666666667,0.82
489,489,0.73,0.87,0.75,0.84,0.93,0.78,0.82,Test_3,4,0.8,0.85
490,490,0.94,0.77,0.85,0.82,0.72,0.81,0.82,Never,0,0.8183333333333334,0.81
491,491,0.54,0.53,0.26,0.3,0.49,0.71,0.48,Never,0,0.4716666666666667,0.54
492,492,0.93,0.8,0.65,0.77,0.86,0.85,0.81,Test_6,1,0.8019999999999999,0.81
493,493,0.86,0.59,0.66,0.66,0.72,0.82,0.72,Test_5,4,0.6925,0.77
494,494,0.63,0.8,0.81,0.77,0.82,0.85,0.78,Test_2,5,0.63,0.73
495,495,0.78,0.89,0.81,0.81,0.9,0.96,0.86,Never,0,0.8583333333333334,0.84
496,496,0.97,0.8,0.64,0.75,0.91,0.72,0.8,Never,0,0.7983333333333333,0.8
497,497,0.53,0.5,0.74,0.81,0.83,0.63,0.68,Test_3,4,0.515,0.63
498,498,0.71,0.71,0.81,0.88,0.84,0.86,0.81,Test_3,4,0.71,0.78
499,499,0.77,0.61,0.92,0.95,0.95,0.99,0.87,Test_3,4,0.69,0.77
